food_no,food_large_scale_classification,food_medium_scale_classification,food_small_scale_classification,serving_size_g,calorie_g,protein_g,fat_g,carbohydrate_g,salt_mg
1,구이류,육류구이,꿩불고기,500,368.8,33.5,8.5,39.7,1264.31
2,구이류,육류구이,닭갈비,400,595.61,45.9,25.8,44.9,1535.83
3,구이류,육류구이,닭꼬치,70,176.72,11.56,8.57,13.35,286.91
4,구이류,채소류구이,더덕구이,100,184,3.1,5.2,31.1,743.37
5,구이류,어패류구이,도미구이,250,397,61.1,16.5,2.1,1582.17
6,구이류,육류구이,돼지갈비,100,240.32,19.5,14.4,8.1,404.66
7,구이류,어패류구이,병어구이,250,488,54.6,30.8,0.2,1567.94
8,구이류,육류구이,불고기,150,395.29,34.4,25.2,7.8,560.71
9,구이류,어패류구이,붕장어소금구이,100,296.54,26,16.2,11.6,124.75
10,구이류,육류구이,소양념갈비구이,300,989.15,60.1,71.6,26.2,1378.45
11,구이류,육류구이,양념왕갈비,150,480.81,27.1,35.3,13.7,548.76
12,구이류,어패류구이,양념장어구이,150,433.35,30.77,30.56,8.8,704.64
13,구이류,어패류구이,임연수구이,250,494,53.8,29.4,3.5,1568.96
14,구이류,어패류구이,짚불구이곰장어,200,326.21,42.7,16.2,2.3,826.79
15,구이류,육류구이,햄버그스테이크,200,457.7,26.96,29.65,20.76,950.22
16,구이류,어패류구이,황태구이,200,437.57,47.8,15.4,26.9,1135.33
17,구이류,육류구이,훈제오리,250,797.14,43.06,64.07,12.08,1220.37
18,국및탕류,어패류국.탕,게국지,1100,415.25,44.9,12.1,31.7,4047.26
19,국및탕류,어패류국.탕,곰치국,1000,419.29,54.3,11.8,23.9,3802.06
20,국및탕류,어패류국.탕,굴국밥,650,683,42.4,17.8,88.4,1635.39
21,국및탕류,채소류국.탕,김치국,450,89,5.4,2.8,10.5,1642.08
22,국및탕류,기타국류,떡만둣국,700,624.92,20.06,11.32,110.71,1980.19
23,국및탕류,기타국류,만둣국,700,434.05,21.43,17.44,47.83,2367.99
24,국및탕류,채소류국.탕,맑은감자국,700,221,8.3,5.5,34.6,1712.29
25,국및탕류,어패류국.탕,매생이국,500,119,10,2.8,13.4,1420.3
26,국및탕류,채소류국.탕,무된장국,450,104,6.1,2.4,14.7,1741.46
27,국및탕류,채소류국.탕,미소된장국,150,38,2.8,1.8,2.8,517.03
28,국및탕류,어패류국.탕,바지락조개국,550,157,22,3.1,10.1,1596.17
29,국및탕류,육류국.탕,뼈다귀해장국,1000,714,74.6,35.7,23.4,3088.21
30,국및탕류,육류국.탕,선지해장국,1000,312,49.3,5.4,16.7,3074.53
31,국및탕류,육류국.탕,소고기무국,400,123,14.2,4,7.8,1067.02
32,국및탕류,육류국.탕,소고기미역국,650,151,18.1,5.3,7.7,1908.91
33,국및탕류,육류국.탕,순대국,800,540.3,43.52,33.02,17.26,1504.04
34,국및탕류,채소류국.탕,시래기된장국,450,99,6.7,3.1,11,1523.66
35,국및탕류,어패류국.탕,올갱이국,600,144.26,13.7,4.2,13,2017.16
36,국및탕류,채소류국.탕,우거지해장국,600,154.38,11.9,5.9,13.5,2049.59
37,국및탕류,어패류국.탕,우렁된장국,500,245,24.6,7.7,19.2,2134.21
38,국및탕류,어패류국.탕,탕국,250,92.15,13.18,4.27,0.24,656.75
39,국및탕류,어패류국.탕,홍합미역국,650,167,19.7,4.7,11.6,2043.68
40,국및탕류,어패류국.탕,황태해장국,600,181.7,24.5,6.8,5.7,1533.09
41,볶음류,기타볶음류,고추잡채,200,256.77,10.99,12.01,26.17,828.55
42,볶음류,육류볶음,난자완스,200,346.25,21.63,20.35,19.15,703.23
43,기타,기타,도토리묵말이,1300,462.39,6.8,8.5,89.7,3206.03
44,튀김류,육류튀김,라조기,200,398.99,20.66,23.49,26.23,648.52
45,회류,회류,물회,700,529.36,34.4,18.9,55.3,2095.9
46,회류,회류,생선물회,800,577.97,34.3,12.3,82.5,2779.74
47,찌개및전골류,육류찌개.전골,소고기샤브샤브,600,263.75,29.1,9.8,14.7,1122.4
48,찜류,어패류찜,오징어순대,350,466.86,45.7,5.6,58.3,1258.71
49,국및탕류,채소류국.탕,초당순두부,900,522.69,49.1,29.2,15.8,1203.36
50,생채및무침류,어패류무침,해파리냉채,150,91,6.2,1.4,13.4,508.77
51,김치류,김치,고들빼기,50,55.53,1.58,0.61,10.93,742.43
52,김치류,김치,열무얼갈이김치,50,17.68,1.07,0.33,2.61,339.9
53,숙채류,나물.숙채류,미나리나물,50,29.53,1.02,1.83,2.24,150.33
54,숙채류,나물.숙채류,취나물,50,74.1,1.37,6.15,3.31,281.86
55,숙채류,나물.숙채류,콩나물,50,25.34,1.68,1.65,0.94,213.95
56,곡류및서류,떡류,경단(깨),100,319.47,4.44,0.54,74.22,180
57,곡류및서류,떡류,경단(콩),100,314.32,3.51,0.46,74.03,225.83
58,곡류및서류,떡류,기피편,100,219.97,5.45,0.25,48.99,281.06
59,곡류및서류,떡류,녹두시루떡,100,246.07,7.74,2.53,48.08,263.66
60,곡류및서류,곡류및서류,메밀전병,100,167.83,6.18,6.29,21.62,345.8
61,곡류및서류,떡류,무지개떡,100,228.97,3.53,0.31,53.01,276.82
62,곡류및서류,떡류,송편(깨),100,224.15,4.92,2.74,44.96,231.82
63,곡류및서류,떡류,송편(콩),100,194.33,5.24,0.75,41.66,233.5
64,곡류및서류,곡류및서류,수수부꾸미,100,247.89,5.73,6.29,42.1,261
65,곡류및서류,떡류,수수팥떡,100,204.24,6.7,0.59,43.03,241.93
66,곡류및서류,떡류,시루떡,100,217.48,5.47,0.61,47.54,277.91
67,곡류및서류,떡류,쑥떡,100,248.63,3.36,0.4,57.89,254.32
68,곡류및서류,떡류,절편,100,192.89,3.64,0.28,43.94,265.87
69,곡류및서류,떡류,찹쌀떡,100,276.87,3.26,0.15,65.61,225.61
70,면및만두류,중식면류,간자장,650,824.54,22.33,22.03,134.22,2716.2
71,면및만두류,중식면류,굴짬뽕,900,680.67,32.87,9.6,115.69,2662.35
72,면및만두류,중식면류,기스면,1000,606.93,37.82,10.72,89.79,2764.59
73,면및만두류,라면류,김치라면,650,552,13.8,16.9,86.2,2531.6
74,면및만두류,중식면류,김치우동,800,500.18,15.55,4.6,99.14,2874.6
75,면및만두류,국수류,냉김치말이국수,600,302.53,12.9,4.8,52,2121.62
76,면및만두류,국수류,닭칼국수,900,663,42.2,12.8,94.7,2125.17
77,면및만두류,국수류,둘깨칼국수,600,457.88,17.6,16.5,59.8,1192.57
78,면및만두류,중식면류,삼선우동,1000,691.66,47.94,8.48,105.9,2722.32
79,면및만두류,중식면류,삼선자장면,700,803.9,33.64,18.14,126.53,2628.24
80,면및만두류,중식면류,삼선짬뽕,900,662.37,39.63,10.77,101.73,2689.13
81,면및만두류,국수류,쌀국수,600,320.32,15.6,4.2,55.1,1651.58
82,면및만두류,국수류,열무김치국수,800,431,15,10.2,69.6,3007.45
83,면및만두류,중식면류,열무냉면,800,525.49,20.84,5.78,97.52,3152.37
84,면및만두류,스파게티류,오일소스스파게티,400,646.74,19.56,23.43,89.42,1124.33
85,면및만두류,국수류,올갱이국수,1500,566,11.2,8.3,111.6,3862.84
86,면및만두류,중식면류,울면,1000,728.86,37.46,7.37,128.18,2799.92
87,면및만두류,중식면류,자장면,650,796.5,19.77,20.32,133.63,2391.58
88,면및만두류,라면류,짬뽕라면,750,689,21.3,26.3,92,2493.81
89,면및만두류,라면류,치즈라면,600,595,16.8,23,80,2113.4
90,면및만두류,스파게티류,크림소스스파게티,400,837.57,21.79,50.59,73.76,1030.21
91,면및만두류,스파게티류,토마토소스스파게티,500,642.58,24.35,19.15,93.2,1508.63
92,면및만두류,국수류,해물칼국수,900,628.26,22.8,4.61,123.9,2355.07
93,면및만두류,스파게티류,해물크림소스스파게티,500,917.57,30.39,49.79,86.97,1323.7
94,면및만두류,스파게티류,해물토마토소스스파게티,500,584.44,27.97,13.73,87.24,1533.16
95,생채및무침류,어패류무침,골뱅이무침,100,108.79,7.08,1.97,15.69,525.52
96,생채및무침류,나물.채소류무침,노각무침,150,84,2.6,1.8,14.3,817.37
97,생채및무침류,나물.채소류무침,단무지무침,50,20,0.5,0.8,2.8,428.92
98,생채및무침류,나물.채소류무침,달래나물무침,150,136,4,2.8,23.8,867.04
99,생채및무침류,나물.채소류무침,더덕무침,150,216,4.3,2.8,43.4,1246.58
100,기타,기타,도토리묵,100,45.6,0.29,0.32,10.38,124.15
101,생채및무침류,어패류무침,밴댕이무침,400,600.01,29.8,33,46,1027.23
102,생채및무침류,어패류무침,서대회무침,300,315.21,22.6,4.6,45.9,1198.9
103,생채및무침류,나물.채소류무침,쑥갓나물무침,150,96,4.5,5.7,6.6,709.99
104,생채및무침류,나물.채소류무침,우거지나물무침,150,129,4.5,8.5,8.7,772.52
105,생채및무침류,어패류무침,쥐치채,20,55.92,2.75,0.15,10.89,296.34
106,생채및무침류,기타생채.무침류,청포묵무침,250,149,2.9,5.2,22.7,724.02
107,생채및무침류,기타생채.무침류,탕평채,100,97.5,3.55,3.81,12.26,260.4
108,생채및무침류,어패류무침,홍어무침,200,198.94,17.85,2.63,25.95,802.04
109,밥류,김밥(초밥)류,고추장불고기삼각김밥,100,165.29,3.66,1.58,34.11,342.92
110,밥류,기타밥류,곤드레나물밥,350,521.83,10.3,9.5,98.9,90.62
111,밥류,기타밥류,국밥,800,418.35,27.6,8.2,58.6,2301.55
112,밥류,김밥(초밥)류,농어초밥,250,396.74,17.43,1.34,78.75,1035.04
113,밥류,기타밥류,돼지국밥,1200,911.4,66.4,38.6,74.7,1096.58
114,밥류,덮밥류,류산슬덮밥,550,574.99,26.96,19.04,73.95,1579.35
115,밥류,비빔밥류,멍게비빔밥,400,547.21,16.6,13.1,90.7,1144.8
116,밥류,김밥(초밥)류,멸치주먹밥,150,312,9,6.6,54.3,496.21
117,밥류,기타밥류,묵밥,950,642.16,14.8,7.7,128.6,2075.5
118,밥류,김밥(초밥)류,문어초밥,250,392.23,14.61,0.74,81.78,1200.86
119,밥류,볶음밥류,삼선볶음밥,400,686.11,26.24,26.46,85.75,1213.56
120,밥류,김밥(초밥)류,새우초밥,250,387.67,16.8,0.75,78.42,1110.29
121,밥류,김밥(초밥)류,새우튀김롤,300,606.5,14.47,18.17,96.28,1391.43
122,밥류,김밥(초밥)류,샐러드김밥,250,405.95,9.62,13.52,61.45,911.18
123,밥류,김밥(초밥)류,생선초밥(광어),300,453.78,27.07,3.92,77.55,808.75
124,밥류,김밥(초밥)류,생선초밥(모듬),300,461.97,25.42,6.06,76.43,968.94
125,밥류,기타밥류,소고기국밥,700,330.53,21.8,8.1,42.6,1786.31
126,밥류,김밥(초밥)류,소고기김밥,250,400.61,15.98,9.63,62.52,1061.19
127,밥류,덮밥류,송이덮밥,600,581.81,18.21,14.06,95.6,1678.01
128,밥류,김밥(초밥)류,숯불갈비삼각김밥,100,161.24,4,1.67,32.55,358.36
129,밥류,비빔밥류,약초비빔밥,400,511.8,11.9,15.9,80.2,971.61
130,밥류,김밥(초밥)류,연어롤(수정),300,500,18.57,15.4,74.32,1211.9
131,밥류,김밥(초밥)류,연어초밥,250,447.32,18.88,9.74,71.04,1064.38
132,밥류,쌀밥.잡곡밥류,오곡밥,250,388.82,11.95,1.3,82.32,113.9
133,밥류,덮밥류,자장밥,500,741.66,15.24,22.28,120.06,1560.38
134,밥류,덮밥류,잡탕밥,750,777.44,44.12,20.13,104.94,2109.52
135,밥류,덮밥류,장어덮밥,400,716.54,30.09,22.98,97.35,920.77
136,밥류,김밥(초밥)류,장어초밥,250,486.26,16.52,10.83,80.68,1270.91
137,밥류,덮밥류,참치덮밥,500,679.1,29.2,16.73,102.93,1618.74
138,밥류,김밥(초밥)류,참치마요네즈삼각김밥,100,172.4,3.94,3.2,31.95,282.1
139,밥류,김밥(초밥)류,충무김밥,400,583.93,23.42,5.96,109.16,1294.27
140,밥류,김밥(초밥)류,캘리포니아롤,300,487.64,12.33,9.05,89.23,1295.88
141,밥류,김밥(초밥)류,한치초밥,250,374.18,13.71,0.85,77.92,1199.31
142,밥류,덮밥류,해물덮밥,700,771.93,42.04,22.44,100.45,1802.68
143,밥류,볶음밥류,해물볶음밥,400,705.22,25.1,27,90.46,1074.35
144,밥류,덮밥류,회덮밥,500,683.02,30.21,16.55,103.3,744.27
145,볶음류,채소류볶음,깻잎나물볶음,200,206,7.5,14.4,11.5,1042.68
146,볶음류,육류볶음,돼지고기볶음,200,350.67,22.96,20.67,18.21,1051.76
147,볶음류,육류볶음,돼지껍데기볶음,150,352,25.8,16.7,24.5,779.81
148,볶음류,채소류볶음,두부김치,250,288.21,19.47,17.11,14.08,989.69
149,볶음류,채소류볶음,머위나물볶음,150,108,3.5,7,7.6,718.63
150,볶음류,육류볶음,소세지볶음,200,471,18.8,29.9,31.8,1436.06
151,볶음류,육류볶음,순대볶음,400,582,20.7,21.3,76.7,1500.35
152,볶음류,채소류볶음,양송이버섯볶음,150,136,4.5,8.3,11,515.17
153,볶음류,육류볶음,오삼불고기,200,363,25.6,19.9,20.5,885.09
154,볶음류,어패류볶음,주꾸미볶음,200,211.41,18.33,5.2,22.82,918.86
155,볶음류,채소류볶음,표고버섯볶음,150,142,4.5,6.7,15.8,574.8
156,볶음류,어패류볶음,해물볶음,400,419.06,38.2,15.3,32.2,1755.16
157,빵류,기타빵류,곰보빵,70,277.34,6.31,9.27,42.16,202.25
158,빵류,앙금빵류,만주,70,222.49,5.13,1.64,46.8,118.19
159,빵류,크림빵류,버터크림빵,60,229.96,4.91,11.04,27.74,191.18
160,빵류,피자류,불고기피자,200,505,27.4,16.7,61.2,916.87
161,빵류,도넛류,찹쌀도우넛,70,207.05,3.53,3.68,39.95,242.99
162,빵류,기타빵류,채소고로케,100,300.65,7.13,16.38,31.19,403.33
163,빵류,케이크류,초콜릿케이크,100,420.24,5.31,24.96,43.6,170
164,빵류,케이크류,치즈케이크,100,329.14,7.23,20.63,28.64,200.67
165,빵류,피자류,치즈피자,200,553,31.4,15.8,71.2,949.96
166,빵류,페이스트리류,페이스트리빵,70,319.59,5.99,18.4,32.52,295.79
167,빵류,피자류,페퍼로니피자,200,532,29.4,14.8,70.3,945.22
168,빵류,피자류,포테이토피자,250,628,28,25.5,71.6,999.93
169,음료및차류,기타음료류,수정과,150,133,0.6,5.47,20.34,9.72
170,음료및차류,기타음료류,식혜,150,130.14,2.3,2.63,24.32,3.38
171,장아찌및절임류,장아찌.절임류,간장마늘쫑장아찌,50,30,1,0.5,5.4,813.64
172,장아찌및절임류,장아찌.절임류,고추장마늘쫑장아찌,50,55,1.3,0.9,10.5,707.34
173,장아찌및절임류,장아찌.절임류,매실장아찌,30,72.88,0.5,0.13,17.43,337.86
174,장아찌및절임류,장아찌.절임류,무장아찌,30,23.92,0.44,0.23,5.03,879.81
175,전.적및부침류,적류,계적,250,488.08,57.72,30.43,0,210.11
176,전.적및부침류,어패류전,낙지꼬지,80,75.35,13.14,1.28,2.83,207.07
177,전.적및부침류,적류,돔베기적,100,159.49,30.08,7.42,0,451.25
178,전.적및부침류,적류,소고기산적,200,453.07,48.41,25.57,7.33,1392.83
179,전.적및부침류,적류,소라산적,80,120.1,17.92,2.51,6.45,396.68
180,전.적및부침류,적류,오징어산적,80,101.71,17.37,1.98,3.6,477.11
181,전.적및부침류,적류,홍어적,100,89.15,23.59,0.66,0,323.53
182,전.적및부침류,적류,홍합산적,80,156.66,17.78,4.8,10.58,719.72
183,전.적및부침류,어패류전,가자미전,150,230.28,25.76,11.06,6.91,819.37
184,전.적및부침류,채소류전,고추전,150,274.69,12.91,17.22,17.01,362.21
185,전.적및부침류,어패류전,굴전,100,195,10.6,10.5,14.5,325.7
186,전.적및부침류,채소류전,깻잎전,150,361.1,17.74,25.78,14.54,480.15
187,전.적및부침류,부침류,녹두빈대떡,100,207.94,7.94,10.27,20.93,232.05
188,전.적및부침류,육류전,동그랑땡(육원전),150,309.2,19.62,20,12.68,553.09
189,전.적및부침류,어패류전,동태전,150,268.05,22.64,15.04,10.54,702.16
190,전.적및부침류,채소류전,두부전,150,254.64,20.46,15.87,7.5,317.15
191,전.적및부침류,채소류전,미나리전,150,226.41,5.24,7.62,34.23,248.7
192,전.적및부침류,채소류전,배추전,150,240.75,5.17,8.67,35.52,326.83
193,전.적및부침류,채소류전,버섯전,150,240.69,10.52,14.87,16.19,313.76
194,전.적및부침류,채소류전,야채전,100,194,5.4,9.5,21.6,321.52
195,전.적및부침류,채소류전,파전,150,292.8,6.83,14.03,34.81,345.96
196,전.적및부침류,육류전,햄부침,100,244,11.3,17.1,11.3,715.66
197,전.적및부침류,채소류전,호박부침개,100,129,3.9,8.1,10.1,174.33
198,전.적및부침류,채소류전,호박전,150,208.1,6.48,13.09,16.1,276.95
199,전.적및부침류,적류,화양적,150,272.65,13.58,14.77,21.35,797.03
200,조림류,어패류조림,가자미조림,300,297.98,37.1,7.1,21.5,1692.83
201,조림류,채소류조림,고추조림,100,111,3.3,4.9,13.4,779.1
202,조림류,어패류조림,동태조림,250,276,40.8,4.7,17.4,1391.69
203,조림류,어패류조림,북어조림,100,181.86,20.83,3.33,17.14,765.95
204,조림류,육류조림,소고기메추리알장조림,50,60.65,8.14,1.84,2.88,602.12
205,조림류,어패류조림,조기조림,300,384,41.1,18.8,12.8,1771.22
206,죽및스프류,죽류,게살죽,800,564.83,17.9,7.09,107.35,1453.82
207,죽및스프류,죽류,깨죽,800,515.35,13.66,15.94,79.31,1160.19
208,죽및스프류,죽류,백합죽,700,455.28,16.5,5.6,84.7,996.8
209,죽및스프류,죽류,소고기버섯죽,800,578.28,18.75,7.47,109.03,1261.8
210,죽및스프류,죽류,어죽,800,552.06,20.4,7.5,100.8,2105.53
211,죽및스프류,죽류,잣죽,700,874.48,19.18,19.63,155.28,878.81
212,죽및스프류,죽류,참치죽,800,659.6,24.19,16.06,104.57,1342.4
213,찌개및전골류,어패류찌개.전골,고등어찌개,600,601.62,48.9,33.7,25.6,2584.06
214,찌개및전골류,채소류찌개.전골,김치찌개,400,243.03,15.07,15,11.93,1962.14
215,찌개및전골류,어패류찌개.전골,꽁치찌개,300,355,24,23.3,12.2,1296.4
216,찌개및전골류,채소류찌개.전골,두부전골,500,315.16,25.6,16.1,17.1,1650.77
217,찌개및전골류,채소류찌개.전골,버섯찌개,400,167.56,14.7,5.2,15.4,1293.87
218,찌개및전골류,채소류찌개.전골,새우젓두부찌개,300,166,16.2,8.1,7.2,1123.08
219,찌개및전골류,육류찌개.전골,소곱창전골,600,529,41.6,27.3,29.2,1779.63
220,찌개및전골류,채소류찌개.전골,호박찌개,300,95,5.6,2.6,12.2,1024.11
221,찜류,어패류찜,대구찜,500,376.42,51.7,7.9,24.7,1898.67
222,찜류,어패류찜,도미찜,100,125.51,23,3.48,0.54,839.96
223,찜류,어패류찜,동태찜,500,394.32,50.9,9.7,25.8,1985.6
224,찜류,육류찜,돼지등갈비찜,450,961.04,72.1,49.2,57.4,2395.17
225,찜류,육류찜,돼지머리고기,200,650,42.4,52,3.5,333.64
226,찜류,육류찜,매운갈비찜,300,517.44,61.3,19.7,23.7,1138.51
227,찜류,어패류찜,문어숙회,80,66.91,14.86,0.5,0.73,208.33
228,찜류,어패류찜,민어찜,100,136.88,21.47,5.91,0,1089.43
229,찜류,어패류찜,병어찜,100,179.69,18.86,11.51,0.16,650.98
230,찜류,어패류찜,북어찜,150,235,28.1,5.7,18,900.98
231,찜류,어패류찜,붕어찜,1100,835.6,54.3,36.9,71.6,3952.03
232,찜류,육류찜,소갈비찜,250,494.6,49.86,26.96,13.14,753.63
233,찜류,어패류찜,아구찜,400,310.87,48.3,5.31,17.47,1406.2
234,찜류,육류찜,안동찜닭,1500,1364.21,114.2,38.8,139.5,5462.32
235,찜류,어패류찜,전어찜,100,278.22,17.28,22.97,0.6,447.4
236,찜류,어패류찜,조기찜,100,182.12,20.06,10.59,1.64,602.03
237,찜류,어패류찜,참꼬막,80,90.79,12.47,2.5,4.59,234.16
238,찜류,육류찜,한방오리백숙,300,469.53,68.79,20.1,3.36,276.43
239,찜류,어패류찜,해물찜,500,400.08,42.6,9.8,35.4,2137.21
240,찜류,어패류찜,홍어찜,250,202.67,47.12,1.03,1.22,644.96
241,국및탕류,육류국.탕,갈낙탕,400,261.77,35.8,12.8,0.8,847.97
242,국및탕류,어패류국.탕,광어매운탕,600,419.79,58.42,16.62,9.13,1799.02
243,국및탕류,어패류국.탕,낙지탕,600,187.8,29.4,3.2,10.4,1704.69
244,국및탕류,어패류국.탕,대구지리탕,600,262.02,41.6,6.2,9.9,1476.25
245,국및탕류,어패류국.탕,메기매운탕,600,400,28.6,10.2,48.6,1859.96
246,국및탕류,어패류국.탕,복지리탕,600,232.05,41.7,2.7,10.3,1349.98
247,국및탕류,육류국.탕,소탕,150,86.37,7.66,5.35,1.9,353.59
248,국및탕류,어패류국.탕,아구탕,600,246.07,37.8,4.9,12.8,1863.34
249,국및탕류,어패류국.탕,어탕,150,85.87,12.7,3.09,1.82,485.08
250,국및탕류,어패류국.탕,연포탕,1000,541.64,94.9,9.03,20.19,2337.46
251,국및탕류,어패류국.탕,우럭매운탕,600,406.82,52.15,17.03,11.24,1773.88
252,국및탕류,육류국.탕,육탕,150,87.63,12.66,3.95,0.35,356.94
253,국및탕류,어패류국.탕,전복탕,600,196.85,26.8,3,15.8,1774.4
254,국및탕류,어패류국.탕,조기매운탕,600,384.38,35.1,19.4,17.3,2272.92
255,국및탕류,어패류국.탕,짱뚱어탕,600,188.77,11.5,8.5,16.6,2050.9
256,국및탕류,어패류국.탕,해물탕,600,267.81,39.8,4.7,16.6,2046.24
257,튀김류,채소류튀김,고구마맛탕,200,491,3.3,11,94.6,76.93
258,튀김류,채소류튀김,고구마튀김,100,252.96,2.72,11.87,33.8,148.41
259,튀김류,채소류튀김,고추튀김,100,202,7.6,12.6,14.6,249.15
260,튀김류,육류튀김,닭튀김,300,903,65.2,49.7,48.8,1244.48
261,튀김류,육류튀김,등심돈가스,200,623.83,32.99,37.54,38.49,574.08
262,튀김류,육류튀김,모래집튀김,150,468.37,28.1,26.6,29.1,322.44
263,튀김류,어패류튀김,미꾸라지튀김,100,387.49,10.89,25.39,28.85,324.47
264,튀김류,어패류튀김,생선까스,200,653.44,24.33,41.1,46.56,788.62
265,튀김류,육류튀김,안심돈가스,200,651.75,33.28,42.4,34.25,551.55
266,튀김류,치킨류,양념치킨,200,552,35.5,26.8,42.3,805.49
267,튀김류,어패류튀김,쥐포튀김,100,356.91,9.62,16.49,42.5,717.02
268,튀김류,육류튀김,치즈돈가스,250,755.37,42.02,46.69,41.76,870.77
269,튀김류,치킨류,치킨까스,200,593,27.91,33.92,44.02,779.27
270,포류,포류,대구포,100,140.84,31.97,0.4,2.33,3875.95
271,포류,포류,북어포,20,66.46,15.42,0.39,0.32,128.99
272,과자류,한과류,매작과,30,123.86,2.25,3.95,19.83,29.83
273,과자류,한과류,산자,30,109.71,0.69,0.93,24.65,6.86
274,과자류,한과류,송화다식,30,110.83,2.49,1.34,22.19,4.04
275,과자류,한과류,약과,30,119.73,1.26,1.43,25.47,17.19
276,과자류,한과류,유과,30,127.09,0.84,3.85,22.27,6.84
277,곡류및서류,떡류,가래떡,100,195.16,3.92,0.51,43.73,240.57
278,곡류및서류,떡류,깨송편,100,219.01,4.65,3.23,42.83,259.75
279,곡류및서류,떡류,꿀떡,100,228.48,3.74,1.73,49.48,275.08
280,곡류및서류,떡류,모듬찰떡,100,218.16,6.78,2.44,42.27,187.83
281,곡류및서류,떡류,백설기,100,229.5,3.71,1.45,50.4,210.9
282,곡류및서류,떡류,쑥절편,100,192.12,7.72,2.42,34.87,192.27
283,곡류및서류,곡류및서류,약식,100,219.87,4.21,2.45,45.24,221.18
284,곡류및서류,떡류,인절미,100,242.26,5.64,2.16,50.07,296.82
285,곡류및서류,떡류,증편,100,200.1,3.17,1.2,44.15,283.95
286,찜류,채소류찜,찐감자,200,140.18,4.32,0.31,30.02,6.75
287,찜류,채소류찜,찐고구마,200,277.31,3.34,0.47,64.94,19.46
288,찜류,채소류찜,찐옥수수,200,370.54,13.36,4.84,68.39,179.23
289,곡류및서류,떡류,참깨경단,100,239.92,6.28,6.72,38.58,202.87
290,곡류및서류,떡류,팥시루떡,100,224.23,3.77,1.85,48.13,195.21
291,곡류및서류,떡류,팥찹쌀떡,100,294.75,5.06,2.53,62.93,140.24
292,구이류,어패류구이,가자미구이,200,245.31,37.4,10.04,1.32,630.39
293,구이류,육류구이,간장양념닭다리구이,300,740.27,68.9,46.94,10.56,1628.76
294,구이류,어패류구이,갈치구이,200,275.69,43.07,10.95,1.2,594.47
295,구이류,어패류구이,고등어구이,200,551.8,47.65,39.95,0.4,1210
296,구이류,어패류구이,고등어석쇠구이,200,679.62,46.75,51.37,7.57,252.52
297,구이류,어패류구이,굴비구이,150,291.73,28.02,19.9,0.14,1377.2
298,구이류,어패류구이,꽁치구이,200,604.84,49.36,43.37,4.27,516.7
299,구이류,육류구이,닭고기대파꼬치구이,170,416.63,30.34,24.99,17.59,708.18
300,구이류,육류구이,닭구이,340,872.3,89.1,45.54,26.52,2553.09
301,구이류,육류구이,닭발구이,220,431.43,39.92,20.71,21.34,1820.1
302,구이류,육류구이,돼지갈비구이,300,881.09,84.72,55.61,10.43,2211.65
303,구이류,육류구이,돼지고기산적,170,339.25,49.41,14.56,2.64,995.79
304,구이류,육류구이,돼지불고기,200,449.57,29.71,33.15,8.1,625.15
305,구이류,육류구이,등심스테이크,200,388,60.44,16.13,0.28,268.07
306,구이류,육류구이,런천미트구이,160,484.35,28.09,39.01,5.23,1526
307,구이류,어패류구이,뱅어포구이,70,262,24.06,10.62,17.55,1035.38
308,구이류,채소류구이,버섯구이,80,41.71,4.13,1.1,3.82,393.24
309,구이류,육류구이,삼겹살고추장구이,200,805.66,28.42,65.66,25.25,1020.67
310,구이류,육류구이,삼겹살구이,200,933.52,45.11,83.37,0.69,1152.79
311,구이류,어패류구이,삼치구이,200,355.16,42.83,19.14,2.89,434.32
312,구이류,채소류구이,새송이버섯구이,80,66.92,3.43,1.77,9.33,370.78
313,구이류,어패류구이,새우구이,180,260.76,42.13,7.99,5.07,593.55
314,구이류,육류구이,쇠갈비구이,300,722.95,77.73,43.66,4.76,1204.66
315,구이류,육류구이,쇠곱창구이,150,275.96,22.33,17.59,7.07,1971.87
316,구이류,육류구이,쇠불고기,200,339.22,32.82,19.32,8.51,835.81
317,구이류,육류구이,안심스테이크,200,366.42,69.63,9.65,0.25,205.42
318,구이류,육류구이,오리고기구이,200,586.08,48.12,39.39,9.77,1416.66
319,구이류,육류구이,오리불고기,250,361.52,16.87,22.62,22.62,1168.55
320,구이류,육류구이,장어고추장구이,100,258.89,19.82,17.21,6.18,321.94
321,구이류,어패류구이,조기구이,180,318.2,34.8,19.54,0.79,2456.07
322,구이류,어패류구이,조미김,5,23.5,1.02,1.51,1.45,200.55
323,구이류,어패류구이,쥐포구이,70,238.58,21.67,0.25,37.42,1473.69
324,구이류,어패류구이,참치머리구이,180,346.8,47.81,16.16,2.52,825.88
325,구이류,육류구이,치킨데리야끼,340,707.64,56.23,30.65,51.71,906.15
326,구이류,어패류구이,키조개구이,180,234.13,31.38,3.72,18.79,817.83
327,구이류,채소류구이,표고버섯구이,80,79.6,3.47,0.85,14.51,348.04
328,구이류,육류구이,함박스테이크,200,347.37,24.2,21.45,14.38,395.28
329,구이류,육류구이,햄구이,170,577.05,26.02,51.39,2.61,1506.75
330,국및탕류,육류국.탕,갈비탕,670,363.24,57,13.83,2.68,1330.59
331,국및탕류,채소류국.탕,감자된장국,400,98.19,4.34,2.41,14.78,1429.93
332,국및탕류,채소류국.탕,감잣국,400,82.47,3.59,1.05,14.67,859.81
333,국및탕류,육류국.탕,곰탕,600,145.15,20.57,6.69,0.66,744.08
334,국및탕류,어패류국.탕,굴무국,500,123.09,12.04,1.82,14.63,1253.34
335,국및탕류,채소류국.탕,근대된장국,400,38.84,3.49,1.56,2.71,1304.1
336,국및탕류,채소류국.탕,김치콩나물국,400,48.33,3.27,1.86,4.61,919.38
337,국및탕류,채소류국.탕,김칫국,400,90.78,5.36,3.03,10.52,832.47
338,국및탕류,육류국.탕,꼬리곰탕,500,135.9,22.51,3.22,4.23,96.89
339,국및탕류,채소류국.탕,냉이된장국,400,86.47,6.85,2.65,8.81,943.35
340,국및탕류,기타국류,달걀국,400,52.37,3.73,2.94,2.74,984.54
341,국및탕류,육류국.탕,닭개장,700,142.98,19.17,2.97,9.88,1168.18
342,국및탕류,육류국.탕,닭곰탕,650,330.4,48.8,9.24,13.01,1105.06
343,국및탕류,어패류국.탕,대합미역국,400,44.84,4.93,1.8,2.24,927.64
344,국및탕류,육류국.탕,도가니탕,500,198.17,41.76,1.63,4.1,751.98
345,국및탕류,어패류국.탕,동태국,400,66.87,9.66,0.64,5.61,895.7
346,국및탕류,기타국류,메밀묵국,400,87.38,3.99,1.59,14.26,953.71
347,국및탕류,채소류국.탕,무시래기된장국,400,61.11,5.22,0.86,8.11,779.28
348,국및탕류,어패류국.탕,미역국,400,46.36,2.58,2.45,3.49,670.7
349,국및탕류,냉국류,미역냉국,350,128.81,0.66,2.34,26.28,518.61
350,국및탕류,어패류국.탕,미역된장국,400,96.16,6.25,3.86,9.1,1219.4
351,국및탕류,냉국류,미역오이냉국,350,21.8,1.31,0.52,2.98,1144.4
352,국및탕류,채소류국.탕,배추된장국,400,79.08,5.85,1.6,10.33,890.79
353,국및탕류,어패류국.탕,북엇국,400,111.03,15.56,3.93,3.36,929.98
354,국및탕류,육류국.탕,뼈해장국,800,206.01,25.55,7.77,8.46,2764.62
355,국및탕류,육류국.탕,사골국,400,220.99,22.25,9.67,11.24,298.77
356,국및탕류,육류국.탕,삼계탕,900,911.39,96.09,43.19,34.57,736.67
357,국및탕류,어패류국.탕,새우미역국,400,63.22,4.35,1.84,7.31,20.5
358,국및탕류,어패류국.탕,새우탕,500,163.1,25.84,2.19,10,1340.99
359,국및탕류,육류국.탕,선짓국(선지해장국),600,173.84,23.18,5.73,7.39,1874.43
360,국및탕류,육류국.탕,설렁탕,500,118.37,21.3,2.88,1.8,109.78
361,국및탕류,육류국.탕,쇠고기무국,400,61.53,5.3,2.54,4.38,662
362,국및탕류,육류국.탕,쇠고기미역국,400,52.03,7.42,1.03,3.28,782.02
363,국및탕류,육류국.탕,쇠고기배춧국,400,62.29,7.34,1.63,4.57,990.69
364,국및탕류,육류국.탕,순댓국,600,509.46,14.1,10.47,89.71,1981.58
365,국및탕류,기타국류,순두부달걀탕,350,102.39,6.23,7.14,3.29,354.96
366,국및탕류,채소류국.탕,시금치된장국,400,37.98,4.07,0.67,3.91,495.32
367,국및탕류,채소류국.탕,쑥된장국,400,60.64,4.88,1.87,6.08,970.74
368,국및탕류,채소류국.탕,아욱된장국,400,81.83,9.1,2.23,6.34,944.34
369,국및탕류,채소류국.탕,애호박된장국,400,122.91,13.35,5.23,5.62,1806.32
370,국및탕류,어패류국.탕,어묵국,350,106.95,5.2,3.61,13.41,790.85
371,국및탕류,채소류국.탕,얼갈이배춧국,400,36.23,2,1.62,3.41,778.53
372,국및탕류,냉국류,오이냉국,350,38.17,1.47,2.4,2.67,989.64
373,국및탕류,어패류국.탕,오징어국,500,91.91,11.1,3.67,3.63,1286.69
374,국및탕류,채소류국.탕,우거지곰탕,350,88.55,8.29,2.1,9.11,786.04
375,국및탕류,채소류국.탕,우거지된장국,400,78.61,11.08,2.35,3.29,1163.09
376,국및탕류,육류국.탕,육개장,440,130.33,16.21,4.37,6.54,884.24
377,국및탕류,채소류국.탕,일본된장국,200,20.6,1.42,1.46,0.45,487.54
378,국및탕류,어패류국.탕,재첩국,350,81.91,2.33,1,15.9,442.44
379,국및탕류,어패류국.탕,조갯국,400,62.72,6.67,3.57,0.99,1188.5
380,국및탕류,채소류국.탕,콩나물국,400,24.66,2.95,0.35,2.44,874.4
381,국및탕류,채소류국.탕,콩나물된장국,400,123.17,10.31,4.45,10.46,1461.21
382,국및탕류,채소류국.탕,토란국,400,62.09,4.01,0.49,10.42,759.86
383,국및탕류,어패류국.탕,해물된장국,400,111.58,8.38,3.9,10.73,1534.58
384,국및탕류,채소류국.탕,호박잎된장국,350,23.1,1.41,1.11,1.88,569.77
385,국및탕류,어패류국.탕,홍합무국,350,87.05,2.76,7.11,3,816.38
386,김치류,김치,갓김치,40,16.53,1.03,0.54,1.88,175.22
387,김치류,김치,고들빼기김치,50,35.27,1.5,0.69,5.76,302.71
388,김치류,김치,깍두기,50,16.4,0.78,0.53,2.12,403.75
389,김치류,김치,깻잎김치,50,31.15,1.41,0.86,4.46,462.03
390,김치류,김치,나박김치,100,9.82,0.46,0.38,1.15,377.45
391,김치류,김치,돌나물물김치,400,19.78,1.25,0.31,3,949.46
392,김치류,김치,동치미,200,27.21,0.58,0.74,4.55,823.74
393,김치류,김치,배추김치,40,10.66,0.68,0.31,1.27,123.03
394,김치류,김치,백김치,90,16.56,0.92,0.51,2.06,402.65
395,김치류,김치,보쌈김치,90,27.21,1.97,0.65,3.36,595.04
396,김치류,김치,부추김치,50,23.33,1.34,0.58,3.18,380.66
397,김치류,김치,얼갈이배추김치,80,50.46,1.27,1.16,8.75,196.87
398,김치류,김치,열무김치,40,10.71,0.72,0.49,0.86,194.47
399,김치류,김치,오이김치,70,26.54,1.44,0.56,3.95,326.04
400,김치류,김치,오이소박이,100,32.38,1.73,0.86,4.43,541.03
401,김치류,김치,총각김치,70,22.89,0.98,0.52,3.57,332
402,김치류,김치,파김치,30,13.32,0.77,0.58,1.26,259.16
403,생채및무침류,나물.채소류무침,가죽나물무침,80,60.54,4.66,1.08,8.04,220.5
404,숙채류,나물.숙채류,가지나물무침,50,17.95,0.71,0.75,2.09,137.08
405,숙채류,나물.숙채류,건취나물무침,50,44.4,1.81,2.7,3.2,66.46
406,숙채류,나물.숙채류,고구마줄기나물무침,50,41.64,0.49,3.5,2.05,89.63
407,숙채류,나물.숙채류,고사리나물무침,50,44.97,1.89,2.76,3.14,220.71
408,숙채류,나물.숙채류,고춧잎나물무침,90,79.55,3.97,4.22,6.43,717.04
409,숙채류,나물.숙채류,깻잎나물무침,50,38.76,1.34,2.59,2.52,180.79
410,숙채류,나물.숙채류,냉이나물무침,60,66.3,3.01,1.84,9.42,430.76
411,숙채류,나물.숙채류,도라지나물무침,50,65.04,1.24,3.76,6.56,205.51
412,숙채류,나물.숙채류,머위대나물무침,50,28.95,1.98,1.28,2.38,181.64
413,숙채류,나물.숙채류,무나물무침,50,10.56,0.31,0.23,1.82,176.09
414,숙채류,나물.숙채류,방풍나물무침,80,60.76,3.51,1.38,8.59,213.93
415,숙채류,나물.숙채류,배추나물무침,80,49.19,1.61,1.75,6.76,220.67
416,숙채류,나물.숙채류,비름나물무침,80,58.48,2.77,3.24,4.56,267.73
417,숙채류,나물.숙채류,숙주나물무침,50,17.5,1.11,0.79,1.48,201.52
418,숙채류,나물.숙채류,시금치나물무침,50,34.28,1.87,2.23,1.68,68.12
419,숙채류,나물.숙채류,시래기나물무침,50,56.84,2.16,3.64,3.87,257.08
420,숙채류,나물.숙채류,씀바귀나물무침,90,87.63,3.48,1.56,14.91,183.66
421,볶음류,채소류볶음,애호박볶음,50,29.52,0.66,1.81,2.65,223.39
422,숙채류,나물.숙채류,열무나물무침,90,74.13,3.52,4.77,4.28,413.89
423,숙채류,나물.숙채류,열무된장나물무침,90,61.23,3.34,3.68,3.68,340.95
424,숙채류,나물.숙채류,오이나물무침,80,66.15,1.46,6.53,0.37,504.59
425,생채및무침류,나물.채소류무침,유채나물무침,90,86.24,5.22,4.14,7.04,1151.4
426,생채및무침류,나물.채소류무침,참나물무침,90,53.85,2.26,3.32,3.73,196.57
427,생채및무침류,나물.채소류무침,취나물된장무침,90,39.38,2.77,1.49,3.71,211.4
428,생채및무침류,나물.채소류무침,콩나물고춧가루무침,90,83.58,3.54,5.34,5.34,182.96
429,생채및무침류,나물.채소류무침,콩나물무침,50,34.54,1.93,2.27,1.6,193.59
430,숙채류,나물.숙채류,토란대나물무침,90,61.11,4.63,3.04,3.8,199.95
431,생채및무침류,어패류무침,톳나물무침,90,67.82,1.68,1.88,11.05,540.29
432,면및만두류,중식면류,간짜장,500,625.08,25.59,24.45,75.67,2276.22
433,면및만두류,만두류,고기만두,220,350.25,27.23,9.8,38.28,453.13
434,면및만두류,만두류,군만두,220,514.51,15.46,25.29,56.26,846.06
435,면및만두류,만두류,김치만두,220,334.15,22.53,10.47,37.44,865.26
436,면및만두류,라면류,달걀라면,550,596.11,14.36,17.5,95.29,1007.15
437,국및탕류,기타국류,떡국,700,588.01,24.01,3.74,114.57,1234.05
438,면및만두류,라면류,떡라면,550,525.49,11.21,16.07,84.01,1483.48
439,국및탕류,기타국류,떡만두국,600,666.99,21.18,23.44,92.83,1236.89
440,면및만두류,라면류,라면,550,450.91,9.48,12.52,75.08,1559.21
441,면및만두류,국수류,막국수,600,799.33,34.81,9.63,143.37,2427.15
442,면및만두류,만두류,만두,220,397.27,19.05,17.99,39.79,800.92
443,면및만두류,국수류,메밀국수,350,221.87,10.98,1.01,42.21,679.36
444,면및만두류,국수류,물냉면,700,383.98,13.75,4.49,72.15,1128.25
445,면및만두류,만두류,물만두,230,448.16,18.53,25.6,35.9,763.59
446,면및만두류,스파게티류,미트볼토마토스파게티,500,898.82,36.7,44.41,88.08,1089.14
447,면및만두류,국수류,바지락칼국수,700,576.77,24.04,3.71,111.81,1901.92
448,면및만두류,국수류,볶음우동,300,385.41,8.41,6.04,74.36,770.91
449,면및만두류,국수류,비빔국수,500,512.46,15.06,4.75,102.36,1193.79
450,면및만두류,국수류,비빔냉면,500,499.16,28.33,13.21,66.74,887.31
451,국및탕류,육류국.탕,사골만두국,700,606.93,26.19,27.97,62.6,2333.21
452,면및만두류,기타면류,수제비,650,378.28,14.99,3.35,72.04,925.17
453,면및만두류,국수류,우동,800,1264.19,14.27,25.75,243.83,1252.92
454,기타,기타,월남쌈,250,293.84,14.86,12.43,30.63,574.48
455,면및만두류,국수류,잔치국수,700,310.2,13.53,3.41,56.34,1514.59
456,면및만두류,국수류,쟁반국수,450,535.45,30.05,20.51,57.66,2309.21
457,면및만두류,중식면류,짜장면,600,529.18,16.15,13.3,86.22,1843.68
458,면및만두류,중식면류,짬뽕,800,464.46,22.3,12.34,66.06,1446.06
459,면및만두류,국수류,쫄면,550,706.96,17.68,13.84,127.91,1377.01
460,면및만두류,국수류,칼국수,700,540.65,23.09,3.46,104.28,1542
461,면및만두류,국수류,콩국수,800,651.57,31.2,26.81,71.37,532.23
462,면및만두류,국수류,회냉면,500,741.26,29.04,20.11,111.04,495.46
463,밥류,쌀밥.잡곡밥류,검정콩밥,200,330.61,9.06,2.23,68.59,6.87
464,밥류,볶음밥류,계란볶음밥,260,584.71,17.22,29.32,62.99,827.6
465,밥류,김밥(초밥)류,고추김밥,290,490.73,14.14,12.78,79.8,948.04
466,밥류,쌀밥.잡곡밥류,기장밥,200,331.91,6.87,1.14,73.53,2.79
467,밥류,김밥(초밥)류,김밥,230,322.56,11.14,10.47,45.95,705.16
468,밥류,김밥(초밥)류,김치김밥,270,351.43,11.61,10.88,51.76,942.82
469,밥류,볶음밥류,김치볶음밥,330,550.64,17.56,30.3,51.93,1549.8
470,밥류,덮밥류,낙지덮밥,350,525.24,20.58,11.69,84.42,743.31
471,밥류,김밥(초밥)류,날치알김밥,260,461.27,15.86,11.08,74.52,777.2
472,밥류,덮밥류,닭고기덮밥,410,510.58,46.75,8.94,60.77,626.21
473,밥류,김밥(초밥)류,돈까스김밥,320,646.18,18.45,18.6,101.24,769.81
474,밥류,비빔밥류,돌솥비빔밥,380,558.1,20.5,11.22,93.77,1281.83
475,밥류,기타밥류,돼지머리국밥,900,1233.32,60.34,46.47,143.42,1624.51
476,밥류,덮밥류,모듬회덮밥,410,593.54,37.32,17.01,72.8,634.31
477,밥류,기타밥류,무밥,200,266.19,7.33,1.28,56.34,554.22
478,밥류,쌀밥.잡곡밥류,보리밥,200,321.63,5.8,0.48,73.54,7.85
479,밥류,볶음밥류,볶음밥,350,640.48,19.47,9.67,118.88,743.58
480,밥류,덮밥류,불고기덮밥,400,728.18,26.39,21.25,107.84,1011.43
481,밥류,비빔밥류,비빔밥,450,637.54,30.89,19.44,84.76,1041.85
482,밥류,볶음밥류,새우볶음밥,370,635.75,23.33,22.7,84.54,538.64
483,밥류,김밥(초밥)류,생선모듬초밥,380,607.45,36.71,6.06,101.52,540.96
484,밥류,기타밥류,쇠머리국밥,1000,239.21,15.83,7.53,27.04,1392.24
485,밥류,김밥(초밥)류,쇠고기김밥,250,447.51,16.16,13.9,64.44,666.69
486,밥류,볶음밥류,쇠고기볶음밥,260,456.99,19.74,16.86,56.58,560.18
487,밥류,김밥(초밥)류,쇠고기주먹밥,200,355.16,9.52,4.36,69.45,713.2
488,밥류,쌀밥.잡곡밥류,수수밥,200,321.89,6.31,1.83,70.04,2.55
489,밥류,기타밥류,순대국밥,900,673.09,28.56,20.56,93.46,1137.58
490,밥류,기타밥류,알밥,330,422.13,15.61,16.86,51.99,1418.08
491,밥류,기타밥류,영양돌솥밥,350,643.16,12.02,10.03,126.22,21.94
492,밥류,볶음밥류,오므라이스,400,692.71,25.98,28.91,82.14,1730.11
493,밥류,덮밥류,오징어덮밥,360,484.59,25.85,7.24,79,582.23
494,밥류,쌀밥.잡곡밥류,완두콩밥,200,276.32,5.89,0.31,62.49,590.06
495,밥류,김밥(초밥)류,유부초밥,200,388.54,11.56,11.53,59.63,771.26
496,밥류,비빔밥류,육회비빔밥,300,442.29,19.16,10.07,68.76,1337.23
497,밥류,쌀밥.잡곡밥류,잡곡밥,200,292.6,10.59,1.74,58.65,5.29
498,밥류,덮밥류,잡채밥,550,825.15,22.11,18.81,141.85,1247.22
499,밥류,덮밥류,제육덮밥,470,949.76,44.3,50.63,79.22,819.84
500,밥류,덮밥류,짜장밥,470,572.62,20.08,22.18,73.17,1109.91
501,밥류,기타밥류,짬뽕밥,900,647.7,28.81,12.56,104.86,2105.68
502,밥류,쌀밥.잡곡밥류,차조밥,200,313.24,5.67,1.3,69.71,2.81
503,밥류,쌀밥.잡곡밥류,찰밥,280,429.7,12.3,0.51,93.97,9.35
504,밥류,김밥(초밥)류,참치김밥,250,435.04,17.5,18.05,50.65,837.43
505,밥류,김밥(초밥)류,참치마요삼각김밥,200,398.7,11.86,16.41,50.89,460.22
506,밥류,볶음밥류,참치볶음밥,230,412.97,10.63,7.52,75.68,1450.92
507,밥류,김밥(초밥)류,채소김밥,280,442.09,12.89,10.23,74.61,865.01
508,밥류,볶음밥류,채소볶음밥,260,474.03,12.26,14.01,74.73,1060.34
509,밥류,김밥(초밥)류,치즈김밥,270,476.98,16.86,18.99,59.67,455.54
510,밥류,덮밥류,카레라이스,480,518.4,14.94,6.73,99.53,1007.05
511,밥류,기타밥류,콩나물국밥,780,403.26,11.34,1.89,85.22,1339.02
512,밥류,기타밥류,콩나물밥,320,392.17,14.98,5.07,71.66,868.99
513,밥류,쌀밥.잡곡밥류,팥밥,200,286,6.56,0.19,64.51,7.12
514,밥류,볶음밥류,표고버섯볶음밥,300,551.73,10.09,14.43,95.37,896.57
515,밥류,덮밥류,하이라이스,360,401.93,14.47,4.08,76.84,884.09
516,밥류,쌀밥.잡곡밥류,현미밥,230,396.31,7.14,1.09,89.48,4.8
517,밥류,쌀밥.잡곡밥류,흑미밥,200,348.7,6.53,0.22,80.14,3.51
518,볶음류,채소류볶음,감자볶음,100,100.18,1.75,4.84,12.41,318.41
519,볶음류,채소류볶음,감자채소볶음,130,139.78,2.65,6.79,17.03,270.72
520,볶음류,어패류볶음,건새우볶음,20,60.83,8.31,2.59,1.08,310.78
521,볶음류,채소류볶음,고추볶음,100,69.78,1.93,3.23,8.25,275.73
522,볶음류,채소류볶음,김치볶음,100,106.07,1.38,7.94,7.27,521.44
523,볶음류,어패류볶음,꽈리고추멸치볶음,50,126.57,11.81,7.04,3.98,666.95
524,볶음류,어패류볶음,낙지볶음,200,182.69,11.53,7.53,17.2,1074.86
525,볶음류,채소류볶음,느타리버섯볶음,50,47.09,1.4,3.1,3.39,261.84
526,볶음류,육류볶음,닭가슴살피망볶음,80,97.58,13.11,4.52,1.1,392.22
527,볶음류,육류볶음,닭발볶음,200,372.98,27.6,18.76,23.44,1948.37
528,볶음류,육류볶음,닭볶음,300,558.83,41.93,32.88,23.8,1013.89
529,볶음류,채소류볶음,당근볶음,90,85.13,0.84,5.97,7.01,194.28
530,볶음류,육류볶음,돼지고기김치볶음,230,371.22,27.16,23.12,13.63,1173.54
531,볶음류,육류볶음,돼지고기채소볶음,230,388.96,38.12,17.46,19.84,796.2
532,볶음류,육류볶음,돼지곱창순대볶음,230,299.11,16.64,6.91,42.59,495.64
533,볶음류,떡볶이류,떡볶이,180,260.02,6.31,5.32,46.72,703.12
534,볶음류,떡볶이류,라볶이,200,268.47,5.66,9.41,40.28,622.28
535,볶음류,채소류볶음,마늘쫑볶음,140,123.91,4.55,3.55,18.44,786.79
536,볶음류,어패류볶음,마늘쫑잔멸치볶음,50,58.42,3.77,1.39,7.71,252.37
537,볶음류,채소류볶음,마파두부,160,174.33,11.67,10.37,8.58,563.45
538,볶음류,어패류볶음,멸치견과류볶음,50,206.95,15.2,12.16,9.18,913.86
539,볶음류,어패류볶음,멸치마늘쫑볶음,50,138.41,16.2,5.42,6.21,1250.51
540,볶음류,어패류볶음,멸치볶음,50,138,19.72,3.54,6.81,1303.05
541,볶음류,육류볶음,묵은지삼겹살볶음,200,302.03,11.52,20.98,16.79,1207.11
542,볶음류,어패류볶음,문어고추장볶음,200,175.01,21.93,2.04,17.23,974.4
543,볶음류,어패류볶음,미역줄기볶음,80,61.43,0.77,4.76,3.88,404.01
544,볶음류,채소류볶음,브로콜리볶음,90,46.14,3.98,1.15,4.98,84.88
545,볶음류,채소류볶음,새송이버섯볶음,120,145.44,3.54,9.63,11.15,408.74
546,볶음류,어패류볶음,새우볶음,200,166.66,19.81,4.42,11.91,652.19
547,볶음류,육류볶음,소시지볶음,200,559.51,23.88,38.75,28.82,1773.53
548,볶음류,육류볶음,쇠고기고추장볶음,220,434.08,31.59,23.73,23.55,1218.57
549,볶음류,육류볶음,쇠고기버섯볶음,230,330.36,26.66,17.79,15.91,848.07
550,볶음류,육류볶음,쇠고기볶음,190,543.39,33.24,43.2,5.4,562.62
551,볶음류,육류볶음,쇠고기채소볶음,230,288.81,29.44,12.42,14.81,619.78
552,볶음류,채소류볶음,양파볶음,80,44.67,0.79,1.23,7.61,219.4
553,볶음류,어패류볶음,어묵볶음,140,275.24,11.78,10.21,34.06,1144.7
554,볶음류,어패류볶음,어묵잡채,280,414.12,6.55,10.59,73.15,1201.2
555,볶음류,어패류볶음,어묵채소볶음,90,136.68,5.7,5.77,15.48,568.9
556,볶음류,어패류볶음,오징어볶음,200,255.56,19.69,13.04,14.86,619.61
557,볶음류,어패류볶음,오징어채볶음,20,59.52,4.09,2.99,4.07,263.9
558,볶음류,기타볶음류,유산슬,220,189.43,16.58,9.68,9.01,463.88
559,볶음류,어패류볶음,잔멸치견과류볶음,50,193.96,12.17,11.11,11.32,876.32
560,볶음류,어패류볶음,잔멸치고추볶음,50,114.05,16.64,4,2.86,1030.52
561,볶음류,어패류볶음,잔멸치꽈리고추볶음,50,146.65,12.39,8.74,4.62,633.08
562,볶음류,어패류볶음,잔멸치볶음,50,170.46,21.82,7.1,4.81,1395.79
563,볶음류,기타볶음류,잡채,200,291.15,9.41,6.6,48.52,719.68
564,볶음류,육류볶음,제육볶음,250,487.98,30.37,35.47,11.82,1251.93
565,볶음류,육류볶음,죽순쇠고기볶음,230,276.31,31.46,12.86,8.69,492.5
566,볶음류,어패류볶음,참치김치볶음,100,121.88,8.33,6.68,7.12,479.74
567,볶음류,떡볶이류,채소떡볶이,200,515.29,6.24,3.76,114.11,537.97
568,볶음류,채소류볶음,콩나물잡채,230,153.12,4.43,2.22,28.86,1422.94
569,볶음류,기타볶음류,팔보채,220,196.98,27.33,6.39,7.53,1883.99
570,볶음류,어패류볶음,멸치풋고추볶음,50,94.83,10.31,3,6.65,672.44
571,볶음류,육류볶음,햄채소볶음,220,401.83,23.04,25.02,21.13,1766.73
572,빵류,샌드위치류,BLT샌드위치,220,423.85,20.9,29.56,18.56,786.82
573,빵류,기타빵류,감자크로켓,150,295.63,8.55,20.89,18.37,262.16
574,빵류,기타빵류,꽈배기,70,272.34,5.83,14.29,30.1,225.13
575,빵류,샌드위치류,닭가슴살샌드위치,230,551.65,28.02,27.41,48.21,1006.32
576,빵류,도넛류,도넛,70,294.22,4.48,16.75,31.39,145.12
577,빵류,케이크류,롤케이크,100,311.94,7.36,11.83,44.01,142.89
578,빵류,도넛류,링도넛,100,514.57,7.85,33.17,46.16,537.42
579,빵류,기타빵류,마늘빵,50,219.12,6.03,8.79,28.97,259.74
580,빵류,기타빵류,머핀,130,499.29,7.45,17.99,76.89,534.61
581,빵류,식빵류,모닝빵,70,219.52,6.65,5.2,36.52,342.38
582,빵류,기타빵류,모카빵,150,507.78,12.82,12.08,86.94,531.15
583,빵류,기타빵류,베이글,120,367.64,12,6.99,64.18,834.26
584,빵류,버거류,불고기버거,200,499.77,27.76,23.04,45.35,676.85
585,빵류,페이스트리류,사과파이,100,184.65,2.54,3.91,34.83,204.49
586,빵류,케이크류,생크림케이크,100,237.09,3.45,12.54,27.62,151.11
587,빵류,기타빵류,소보로빵,70,274.19,5.79,10.59,38.94,277.44
588,빵류,식빵류,식빵,100,264.36,9.34,2.6,50.91,468.43
589,빵류,크림빵류,식빵토스트,100,365.67,8.78,13.85,51.47,532.65
590,빵류,앙금빵류,찐빵,250,532.43,12.98,0.31,119.43,585.27
591,빵류,샌드위치류,참치샌드위치,250,505.3,26.34,29.13,34.45,522.16
592,빵류,도넛류,찹쌀도넛,70,201.62,4.2,3.25,38.89,218.53
593,빵류,샌드위치류,채소샌드위치,180,439.87,7.35,26.55,42.88,766.41
594,빵류,기타빵류,초코소라빵,70,222.99,2.3,7.65,36.23,150.4
595,빵류,기타빵류,츄러스,70,252.49,4.62,7.9,40.72,253.88
596,빵류,버거류,치킨버거,200,475.56,24.86,19.49,50.17,666.76
597,빵류,케이크류,카스텔라,70,234.74,7.02,8.03,33.59,43.81
598,빵류,피자류,콤비네이션피자,200,548.05,21.35,28.71,51.07,882.61
599,빵류,페이스트리류,크로아상,150,669.17,11.28,40.47,64.96,685.04
600,빵류,페이스트리류,페이스트리,70,326.3,5.82,20.76,29.05,261.05
601,빵류,기타빵류,피자빵,200,595.65,17.7,30.09,63.52,1274.89
602,빵류,버거류,햄버거,200,527.67,25.69,27.95,43.34,900.73
603,빵류,샌드위치류,햄샌드위치,200,439.2,24.88,23.84,31.28,1397.4
604,빵류,샌드위치류,햄치즈샌드위치,240,433.09,21.15,18.37,45.79,658.78
605,빵류,기타빵류,호떡,150,470.6,8.11,10.61,85.68,316.31
606,생채및무침류,어패류무침,가오리회무침,230,186.62,26.07,2.66,14.6,813.55
607,생채및무침류,샐러드,감자샐러드,150,189.19,1.97,11.98,18.37,354.01
608,생채및무침류,어패류무침,골뱅이국수무침,230,250.52,11.53,3.38,43.49,645.62
609,생채및무침류,샐러드,과일샐러드,140,138.69,1.75,8.87,12.95,47.46
610,생채및무침류,어패류무침,굴무생채,300,149.16,11.04,3.77,17.76,1097.91
611,생채및무침류,어패류무침,굴무침,80,61.44,5.34,1.85,5.84,162.93
612,생채및무침류,어패류무침,김무침,30,77.57,6.35,3.22,5.8,303.3
613,생채및무침류,어패류무침,낙지무침,180,138,22.33,2.24,7.13,611.79
614,생채및무침류,나물.채소류무침,느타리버섯무침,150,88.01,4.11,5.66,5.16,466.7
615,생채및무침류,어패류무침,다시마무침,90,43.27,2.31,1.06,6.12,2482.97
616,생채및무침류,샐러드,단호박샐러드,150,242.52,2.22,13.45,28.15,105.47
617,생채및무침류,나물.채소류무침,달래무침,60,37.79,1.75,1.81,3.64,340.26
618,생채및무침류,샐러드,닭가슴살샐러드,150,203.24,10.75,14.23,8.04,132.24
619,생채및무침류,기타생채.무침류,닭고기냉채,240,215.62,31.4,4.67,11.99,362.94
620,생채및무침류,나물.채소류무침,도라지생채,160,123.97,3.3,0.82,25.84,452.91
621,생채및무침류,나물.채소류무침,도라지오이생채,160,76.02,2.65,2.76,10.14,388.86
622,생채및무침류,기타생채.무침류,도토리묵무침,200,147.76,1.85,5.89,21.84,637.36
623,생채및무침류,나물.채소류무침,돌나물무침,50,34.25,0.83,1.59,4.15,180.24
624,생채및무침류,나물.채소류무침,두릅초고추장무침,90,60.49,1.94,2.71,7.1,184.4
625,생채및무침류,나물.채소류무침,마늘쫑무침,30,31.92,0.82,1.48,3.83,93.82
626,생채및무침류,나물.채소류무침,무말랭이무침,20,24.17,0.84,0.31,4.5,90.02
627,생채및무침류,나물.채소류무침,무생채,150,73.54,3.64,1.67,10.99,1232.22
628,생채및무침류,나물.채소류무침,미나리무침,90,41.52,1.18,1.92,4.87,688.44
629,생채및무침류,어패류무침,미역초무침,50,17.49,0.59,0.51,2.62,225.9
630,생채및무침류,나물.채소류무침,민들레잎무침,90,72.9,2.42,2.1,11.09,222.88
631,생채및무침류,나물.채소류무침,배추겉절이,50,27.32,1.14,1.07,3.29,163.82
632,생채및무침류,나물.채소류무침,부추무침,100,92.3,3.5,5.92,6.25,666.27
633,생채및무침류,어패류무침,북어채무침,150,282.02,42.6,4.37,18.07,1133.9
634,생채및무침류,나물.채소류무침,상추겉절이,100,61.14,2.36,3.41,5.26,431.14
635,생채및무침류,샐러드,새싹채소샐러드,100,74.21,2.77,4.81,4.96,155.58
636,생채및무침류,샐러드,양배추샐러드,150,225.1,4.03,17.57,12.7,144.95
637,생채및무침류,샐러드,양상추샐러드,150,188.98,7.36,15.45,5.13,236.63
638,생채및무침류,기타생채.무침류,양장피,220,291.79,16.05,14.58,24.1,1090.25
639,생채및무침류,나물.채소류무침,양파부추무침,100,44.19,1.83,1.07,6.81,326.14
640,생채및무침류,나물.채소류무침,열무겉절이,100,57.55,2.4,2.94,5.38,890.88
641,생채및무침류,나물.채소류무침,오이부추무침,100,31.32,1.95,0.39,5.01,1069.5
642,생채및무침류,나물.채소류무침,오이생채,50,34.53,0.89,1.45,4.48,236.93
643,생채및무침류,나물.채소류무침,오이지무침,100,52.32,0.96,3.51,4.21,1615.24
644,생채및무침류,어패류무침,오징어무침,200,254.31,39.45,4.93,13.04,652.52
645,생채및무침류,어패류무침,오징어물회,700,339.79,43.3,8.37,22.81,2551.48
646,생채및무침류,어패류무침,오징어채무침,80,206.14,18.88,4.42,22.73,1442.6
647,생채및무침류,어패류무침,오징어채소무침,240,149.09,14.04,2.23,18.23,389.74
648,생채및무침류,샐러드,옥수수샐러드,160,265.65,3.13,19.11,20.28,772.33
649,생채및무침류,샐러드,참치샐러드,150,226.74,16.23,12.97,11.28,448.96
650,생채및무침류,샐러드,채소샐러드,160,232.33,1.86,21.36,8.16,118.32
651,생채및무침류,나물.채소류무침,치커리겉절이,100,56.41,1.49,3.65,4.4,176.85
652,생채및무침류,어패류무침,파래무침,30,14.83,1.06,0.51,1.49,220.77
653,생채및무침류,나물.채소류무침,파무침,150,105.95,3.38,4.22,13.62,635.69
654,생채및무침류,나물.채소류무침,풋고추된장무침,100,123.64,2.37,7.35,12,182.55
655,생채및무침류,나물.채소류무침,풋마늘무침,100,71.06,4.14,1.04,11.27,477
656,생채및무침류,어패류무침,피조개무침,100,51.64,4.71,0.95,6.07,222.87
657,생채및무침류,어패류무침,해초무침,100,39.3,0.95,0.16,8.52,862.21
658,생채및무침류,나물.채소류무침,호박오가리나물무침,100,200.5,6.14,10.01,21.46,1849.2
659,생채및무침류,어패류무침,회무침,250,203.95,20.22,4.12,21.5,686.98
660,회류,회류,육회,150,195.06,14.9,9.64,12.18,627.01
661,아이스크림류,빙수류,팥빙수,400,401.79,14.29,1.67,82.39,125.16
662,음료및차류,기타음료류,미숫가루,300,211.16,6.24,6.8,31.25,71.71
663,장아찌및절임류,장아찌.절임류,고추장아찌,60,49.62,1.19,1.24,8.44,1515.58
664,장아찌및절임류,장아찌.절임류,깻잎장아찌,20,20.18,0.41,0.68,3.11,317.18
665,장아찌및절임류,장아찌.절임류,단무지,30,3.77,0.1,0.06,0.72,165.55
666,장아찌및절임류,장아찌.절임류,더덕장아찌,90,127.28,4.02,0.8,26.01,1050.26
667,장아찌및절임류,장아찌.절임류,마늘장아찌,230,147.23,6.15,11.58,4.61,2811.42
668,장아찌및절임류,장아찌.절임류,무짠지,50,5.63,0.27,0.06,0.99,1190.97
669,장아찌및절임류,장아찌.절임류,양파장아찌,50,40.18,1.31,0.38,7.89,534.21
670,장아찌및절임류,장아찌.절임류,오이장아찌,50,7.11,0.18,0.14,1.27,370.08
671,장아찌및절임류,장아찌.절임류,오이지,50,10.34,0.37,0.36,1.42,1024.89
672,장아찌및절임류,장아찌.절임류,일본매실장아찌,30,19.52,0.38,0.53,3.31,1118.28
673,장아찌및절임류,장아찌.절임류,치킨무,130,22.1,0.68,0.39,3.97,245.3
674,전.적및부침류,채소류전,가지전,200,245.82,10.96,14.55,17.75,674.41
675,전.적및부침류,채소류전,감자전,200,265.62,3.43,13.07,33.58,586.57
676,전.적및부침류,채소류전,고구마전,140,318.36,4.09,11.17,50.38,121.43
677,전.적및부침류,채소류전,김치전,150,201.08,7.58,6.3,28.51,360.13
678,전.적및부침류,기타전.적,달걀말이,100,193.49,17.21,13.21,1.45,449.07
679,전.적및부침류,기타전.적,달걀프라이,60,124.53,9.44,8.27,3.09,96.71
680,전.적및부침류,육류전,돼지고기완자전,200,277.36,29.56,11.9,13.01,1718.39
681,전.적및부침류,채소류전,두부부침,100,139.93,10.92,9.77,2.07,429.11
682,전.적및부침류,육류전,떡갈비,200,403.4,42.76,23.63,4.92,807.59
683,전.적및부침류,기타전.적,맛살전,200,329.53,14.95,12.47,39.37,1117.79
684,전.적및부침류,기타전.적,메밀전,180,289.81,7.23,1.15,62.63,261.22
685,전.적및부침류,채소류전,부추전,150,251.22,6.95,6.25,41.79,370.09
686,전.적및부침류,육류전,쇠고기완자전,200,323.34,37.46,15.12,9.35,762.9
687,전.적및부침류,기타전.적,스크램블드에그,110,237.34,12.99,19.35,2.82,406.39
688,전.적및부침류,채소류전,애호박전,150,182.9,6.53,12.93,10.1,335.53
689,전.적및부침류,어패류전,참치완자전,200,345.27,29.99,12.98,27.13,1133
690,전.적및부침류,채소류전,채소전,100,145.11,3.57,4.5,22.59,258.77
691,전.적및부침류,채소류전,표고버섯전,150,271.89,15.19,14.97,19.11,475.95
692,전.적및부침류,어패류전,해물완자전,200,444.86,22.92,23.21,36.07,1181
693,전.적및부침류,어패류전,해물파전,150,256.14,8.25,12.6,27.43,449.35
694,전.적및부침류,육류전,햄달걀부침,100,277.32,12.71,21.59,8.06,590.52
695,젓갈류,젓갈류,가자미식해,250,335.62,27.73,12.03,29.1,1711.42
696,젓갈류,젓갈류,간장게장,250,155.4,17.56,2.76,15.09,2722.89
697,젓갈류,젓갈류,양념갈치젓,90,134,13.98,4.57,9.25,4520.65
698,젓갈류,젓갈류,양념게장,200,193.49,20.45,1.21,25.21,1608.01
699,젓갈류,젓갈류,양념멸치젓,5,4.51,0.57,0.08,0.37,333.35
700,젓갈류,젓갈류,양념새우젓,10,6.89,0.71,0.18,0.6,740.2
701,젓갈류,젓갈류,오징어젓,10,6.03,1.01,0.07,0.34,215.05
702,조림류,어패류조림,갈치조림,100,100.82,12.72,2.81,6.16,567.55
703,조림류,채소류조림,감자조림,50,56.79,1.2,1.76,9.05,243.52
704,조림류,어패류조림,건갈치조림,100,127.65,15.93,5.04,4.64,1169.12
705,조림류,어패류조림,고등어조림,100,141.01,11.25,8.84,4.1,389.57
706,조림류,어패류조림,꽁치조림,100,243.51,15.52,17.87,5.14,349.67
707,조림류,기타조림류,달걀장조림,100,138.11,9.85,7.12,8.67,627.5
708,조림류,육류조림,닭고추장조림,250,379.87,22.79,17.36,33.13,724.24
709,조림류,육류조림,닭조림,150,294.79,27.05,16.35,9.86,705.01
710,조림류,육류조림,돼지고기메추리알장조림,100,166.24,20.07,7.66,4.26,388.14
711,조림류,육류조림,돼지고기장조림,100,72.66,15.58,0.87,0.63,802.09
712,조림류,기타조림류,두부조림,50,71.55,4.82,4.83,2.2,80.66
713,조림류,기타조림류,땅콩조림,20,96.52,3.75,7.28,3.99,114.74
714,조림류,채소류조림,마늘쫑조림,100,194.24,4.04,0.31,43.82,1191.03
715,조림류,기타조림류,메추리알장조림,100,202.86,14.25,13.41,6.3,754.51
716,조림류,어패류조림,멸치조림,100,318.37,40.92,13.22,8.93,3162.58
717,조림류,채소류조림,무조림,150,71.44,3.39,3.57,6.43,1168.66
718,조림류,육류조림,미트볼조림,150,331.41,27.23,16.09,19.42,472.37
719,조림류,채소류조림,버섯조림,150,90.66,6.57,3,9.34,452.58
720,조림류,어패류조림,병어조림,100,112.38,12.46,4.78,4.87,842.21
721,조림류,어패류조림,삼치조림,100,124.64,15.88,5.63,2.61,441.01
722,조림류,육류조림,쇠고기메추리알장조림,100,157.49,11.69,5.39,15.56,877.28
723,조림류,육류조림,쇠고기장조림,100,68.76,10.41,0.86,4.84,543.47
724,조림류,어패류조림,양미리조림,100,65.31,5.76,0.66,9.09,710.57
725,조림류,어패류조림,어묵조림,200,317.02,11.65,9.46,46.32,856.48
726,조림류,채소류조림,연근조림,50,87.19,1.34,2.55,14.71,330.58
727,조림류,어패류조림,오징어조림,150,206.02,24.82,3.56,18.68,2203.44
728,조림류,어패류조림,오징어채조림,50,119.8,11.76,2.45,12.68,564.87
729,조림류,채소류조림,우엉조림,30,56.54,1.44,1,10.44,352.17
730,조림류,어패류조림,쥐포조림,100,276.3,13.03,8.86,36.12,1264.75
731,조림류,어패류조림,코다리조림,100,86.06,16.46,0.4,4.16,465.52
732,조림류,기타조림류,콩조림,30,84.27,5.39,2.32,10.45,260.31
733,죽및스프류,죽류,닭죽,400,177.46,10.7,2.27,28.57,467.19
734,죽및스프류,죽류,쇠고기죽,400,244.09,8.62,0.87,50.44,1063.88
735,죽및스프류,스프류,양송이스프,100,105.29,2.41,7.04,8.06,169.54
736,죽및스프류,죽류,오리고기죽,400,618.71,30,19.94,79.8,248.38
737,죽및스프류,죽류,전복죽,400,317.19,7.27,14.9,38.49,631.68
738,죽및스프류,죽류,채소죽,400,173.76,6.75,2.76,30.47,894.77
739,죽및스프류,죽류,팥죽,400,324.17,12.69,0.76,66.63,508.72
740,죽및스프류,죽류,호박죽,400,197.52,7.7,6.84,26.3,167.39
741,죽및스프류,죽류,흑임자죽,400,245.96,4.41,18.9,14.56,635.84
742,찌개및전골류,어패류찌개.전골,갈치찌개,250,94.75,13.17,2.51,4.88,228.68
743,찌개및전골류,육류찌개.전골,감자탕,530,375.69,33.43,21.54,12.03,1739.85
744,찌개및전골류,채소류찌개.전골,김치전골,270,197.79,8.43,11.41,15.34,808.04
745,찌개및전골류,어패류찌개.전골,꽁치김치찌개,270,241.19,19.27,13.98,9.56,672.52
746,찌개및전골류,어패류찌개.전골,꽃게탕,600,101.1,11.13,2.46,8.61,1639.04
747,찌개및전골류,어패류찌개.전골,낙지전골,300,153.42,19.5,3.42,11.16,1452.71
748,찌개및전골류,육류찌개.전골,내장탕,600,423.97,34.9,27.12,10.08,1294.79
749,찌개및전골류,채소류찌개.전골,냉이된장찌개,350,67,4.09,1.1,10.18,607.51
750,찌개및전골류,채소류찌개.전골,달래된장찌개,350,122.7,11.12,2.77,13.32,1996.48
751,찌개및전골류,육류찌개.전골,닭볶음탕,300,332.04,35.74,9.65,25.57,1129.49
752,찌개및전골류,어패류찌개.전골,대구매운탕,600,134.18,26.96,2.42,1.14,1500.45
753,찌개및전골류,어패류찌개.전골,동태찌개,200,87.22,12.22,2.73,3.44,546.61
754,찌개및전골류,육류찌개.전골,돼지고기김치찌개,200,90.91,8.49,5.41,2.07,413.53
755,찌개및전골류,육류찌개.전골,돼지고기찌개,300,143.02,18.76,4.54,6.77,764.62
756,찌개및전골류,채소류찌개.전골,된장찌개,200,91.91,6.76,3.26,8.87,635.98
757,찌개및전골류,채소류찌개.전골,두부고추장찌개,500,261.81,20.04,13.13,15.88,905.92
758,찌개및전골류,채소류찌개.전골,두부된장찌개,270,110.23,8.78,5.28,6.9,1291.51
759,찌개및전골류,육류찌개.전골,두부쇠고기고추장찌개,280,162.34,12.77,3.98,18.85,546.92
760,찌개및전골류,채소류찌개.전골,두부애호박된장찌개,350,189.41,17.61,4.3,20.07,688.66
761,찌개및전골류,채소류찌개.전골,버섯샤브샤브,350,104.64,13.57,3.16,5.49,177.59
762,찌개및전골류,채소류찌개.전골,버섯전골,300,233.68,15.43,12.73,14.34,439.29
763,찌개및전골류,육류찌개.전골,부대찌개,600,737.25,35.16,38.91,61.59,1435.59
764,찌개및전골류,육류찌개.전골,쇠고기샤브샤브,600,259.59,32.27,9.72,10.77,577.83
765,찌개및전골류,육류찌개.전골,쇠고기된장찌개,300,163.93,17.12,5.93,10.51,890.4
766,찌개및전골류,육류찌개.전골,쇠고기전골,300,187.56,23.66,9.71,1.37,895.64
767,찌개및전골류,채소류찌개.전골,순두부김치찌개,200,69.65,5.95,3.17,4.34,302.02
768,찌개및전골류,채소류찌개.전골,순두부찌개,200,85.54,9.06,4.32,2.61,426.64
769,찌개및전골류,어패류찌개.전골,알탕,520,203.13,33.11,3.83,9.06,1301.49
770,찌개및전골류,어패류찌개.전골,어묵김치찌개,260,98.44,4.74,1.54,16.4,664.58
771,찌개및전골류,육류찌개.전골,오리백숙,300,335.72,31.78,22.5,1.51,482.75
772,찌개및전골류,육류찌개.전골,오리탕,600,728.09,56.99,39.37,36.46,1903.56
773,찌개및전골류,어패류찌개.전골,오징어찌개,250,85.47,8.24,0.54,11.92,711.5
774,찌개및전골류,어패류찌개.전골,장어탕,800,536.94,34.53,31.25,29.4,3097.2
775,찌개및전골류,어패류찌개.전골,조개된장찌개,300,68.12,8.63,2.16,3.53,1219.47
776,찌개및전골류,어패류찌개.전골,참치김치찌개,300,154.06,10.76,8.47,8.7,793
777,찌개및전골류,채소류찌개.전골,청국장찌개,200,93.59,10.06,4.22,3.84,484.88
778,찌개및전골류,어패류찌개.전골,추어탕,350,188.33,11.33,11.12,10.74,861.28
779,찌개및전골류,채소류찌개.전골,콩나물된장찌개,300,146.27,7.69,4.42,18.94,919.07
780,찌개및전골류,채소류찌개.전골,콩비지찌개,400,275.73,26.95,12.32,14.27,1156.03
781,찌개및전골류,어패류찌개.전골,해물매운탕,600,211.37,29.07,3.86,15.08,2208.53
782,찌개및전골류,육류찌개.전골,햄김치찌개,300,93.41,4.42,4.18,9.52,1335.08
783,찌개및전골류,채소류찌개.전골,호박고추장찌개,280,115.04,5.83,2.77,16.69,590.73
784,찜류,어패류찜,가오리찜,200,204.63,43.98,2.78,0.92,302.21
785,찜류,채소류찜,깻잎찜,100,97.42,5.21,5.86,5.96,792.23
786,찜류,어패류찜,꼬막찜,200,192.87,24.06,4.55,13.93,1472.19
787,찜류,채소류찜,꽈리고추찜,100,103.92,3.59,2.09,17.69,315.91
788,찜류,기타찜류,달걀찜(우유),200,209.74,16.45,12.62,7.59,523.51
789,찜류,기타찜류,달걀찜(새우젓),200,116.3,9.96,8.08,0.93,493.75
790,찜류,육류찜,닭찜,300,320.01,37.1,18.27,1.8,673.07
791,찜류,육류찜,돼지갈비찜,300,581.39,39.86,36.96,22.33,1432.59
792,찜류,육류찜,돼지고기수육,300,936.89,59.65,74.46,7.05,121.28
793,찜류,육류찜,쇠갈비찜,300,256.01,21.75,9.51,20.85,816.9
794,찜류,육류찜,쇠고기사태찜,300,328.77,36.3,15.51,11,905.34
795,찜류,육류찜,쇠고기수육,300,498.92,85.29,14.81,6.11,91.81
796,찜류,육류찜,순대,220,410.53,6.04,8,78.6,1327.97
797,찜류,어패류찜,아귀찜,200,168.18,13.44,6.26,14.52,783.1
798,찜류,채소류찜,애호박찜,100,181.05,9.5,6.48,21.18,161.25
799,찜류,육류찜,족발,250,582.68,65.09,34.78,2.32,861.47
800,찜류,어패류찜,코다리찜,200,188.69,28.97,2.69,12.15,1240.64
801,찜류,채소류찜,풋고추찜,100,51.22,2.31,0.99,8.27,708.36
802,찜류,어패류찜,해물콩나물찜,200,111.2,13.33,2.02,9.93,446.45
803,튀김류,육류튀김,간장양념닭다리튀김,200,646.67,37.71,39.2,35.75,820.61
804,튀김류,치킨류,간장양념치킨,200,543.73,20.46,32.44,42.48,1187.57
805,튀김류,채소류튀김,감자튀김,150,467.75,6.82,25.51,52.72,117.11
806,튀김류,어패류튀김,고등어튀김,150,513.77,29.46,39.26,10.65,293.72
807,튀김류,기타튀김류,김말이튀김,150,384.91,2.97,23.78,39.75,481.95
808,튀김류,기타튀김류,김튀김,50,260.77,5.5,14.45,27.18,303.12
809,튀김류,육류튀김,깐풍기,150,344.54,18.89,17.7,27.42,615.56
810,튀김류,어패류튀김,다시마튀각,50,230.86,4.22,13.26,23.66,652.71
811,튀김류,육류튀김,닭강정,200,450.09,23.68,19.47,45.04,1304.86
812,튀김류,육류튀김,닭날개튀김,200,514.08,34.34,32.54,20.97,538.85
813,튀김류,육류튀김,등심돈까스,200,463.93,33.75,26.52,22.57,814.8
814,튀김류,기타튀김류,떡강정,200,498.31,7.58,9.43,95.78,892.91
815,튀김류,어패류튀김,미역튀각,50,221.3,6.62,16.95,10.57,2611.54
816,튀김류,어패류튀김,새우탕수육,200,232.79,13.29,8.39,26.03,984.54
817,튀김류,어패류튀김,새우튀김,150,430.34,25.52,23.84,28.44,728.56
818,튀김류,육류튀김,소시지튀김,200,707.98,28.13,62.6,8.01,1879
819,튀김류,어패류튀김,오징어튀김,150,505.71,18.56,32.99,33.65,504.99
820,튀김류,채소류튀김,채소튀김,100,404.63,3.25,27.14,36.83,277.85
821,튀김류,치킨류,치킨너겟,150,468.4,22.47,35.42,14.93,843.88
822,튀김류,육류튀김,탕수육,200,358.97,27.21,16.75,24.84,814.66
823,튀김류,치킨류,후라이드치킨,200,530.04,35.47,33.67,21.29,386.81
